height,weight,wingspan,points_scored
198.75333333333333,94.81666666666668,210.1833333333333,18
198.75333333333333,94.81666666666668,210.1833333333333,21
202.35666666666665,103.87333333333333,217.8066666666667,3
200.44666666666663,98.72666666666667,213.14833333333334,18
200.44666666666663,98.72666666666667,213.14833333333334,3
195.58,94.31666666666666,213.36,12
199.81333333333336,98.33999999999999,216.74666666666667,13
199.81333333333336,98.33999999999999,216.74666666666667,0
193.89,89.99333333333334,212.9366666666667,5
193.89,89.99333333333334,212.9366666666667,23
193.89,89.99333333333334,212.9366666666667,27
193.89,89.99333333333334,212.9366666666667,2
195.36666666666667,98.82333333333332,205.3133333333333,0
201.08333333333334,105.02333333333335,211.88,33
200.80666666666664,96.27999999999999,208.07000000000002,0
197.48666666666668,97.58333333333333,205.74333333333334,13
198.12,103.65333333333335,211.03333333333333,9
199.17999999999998,100.60666666666668,213.14999999999998,9
205.3166666666667,96.17999999999999,220.34666666666666,0
196.0,94.61666666666667,206.58666666666667,19
196.0,94.61666666666667,206.58666666666667,2
196.0,94.61666666666667,206.58666666666667,6
198.11999999999998,93.34666666666668,213.36,10
203.83499999999998,105.1625,210.3425,4
203.83499999999998,105.1625,210.3425,0
195.36666666666667,92.58999999999999,204.47000000000003,0
195.36666666666667,92.58999999999999,204.47000000000003,0
195.36666666666667,92.58999999999999,204.47000000000003,0
196.65999999999997,99.5925,206.85,0
199.81333333333336,103.75,211.45333333333335,24
197.48666666666668,94.31666666666666,210.1866666666667,25
197.48666666666668,94.31666666666666,210.1866666666667,11
197.48666666666668,94.31666666666666,210.1866666666667,0
202.5666666666667,103.41666666666667,211.45666666666668,5
200.0233333333333,97.12666666666667,211.45333333333335,9
200.0233333333333,97.12666666666667,211.45333333333335,2
201.29333333333332,99.25,214.84333333333333,10
201.29333333333332,99.25,214.84333333333333,13
201.08666666666667,103.47666666666665,220.3466666666667,7
196.64000000000001,96.93,214.20333333333335,20
196.64000000000001,96.93,214.20333333333335,17
196.64000000000001,96.93,214.20333333333335,0
195.57666666666668,97.85666666666667,205.74,20
195.37,95.67999999999999,207.22000000000003,6
195.37,95.67999999999999,207.22000000000003,9
202.35666666666665,103.87333333333333,217.8066666666667,39
202.35666666666665,103.87333333333333,217.8066666666667,2
195.58,94.31666666666666,213.36,0
195.58,94.31666666666666,213.36,21
195.36666666666667,98.82333333333332,205.3133333333333,12
195.15666666666667,96.00999999999999,213.99333333333334,0
207.16750000000002,105.66,212.5675,15
201.08333333333334,105.02333333333335,211.88,4
201.08333333333334,105.02333333333335,211.88,25
201.08333333333334,105.02333333333335,211.88,36
202.35333333333332,102.59666666666665,211.66833333333332,10
195.36666666666667,92.58999999999999,204.47000000000003,8
200.80666666666664,96.27999999999999,208.07000000000002,12
200.44666666666663,98.72666666666667,213.14833333333334,10
198.11999999999998,93.34666666666668,213.36,0
199.81333333333336,103.75,211.45333333333335,14
199.81333333333336,103.75,211.45333333333335,0
198.33,101.24333333333334,201.51,3
201.29333333333332,99.25,214.84333333333333,26
196.65999999999997,99.5925,206.85,27
196.65999999999997,99.5925,206.85,6
199.39000000000001,102.27333333333333,209.34,9
199.39000000000001,102.27333333333333,209.34,0
197.69666666666663,95.69333333333334,205.10333333333332,11
196.0,94.61666666666667,206.58666666666667,19
196.0,94.61666666666667,206.58666666666667,17
199.17999999999998,100.60666666666668,213.14999999999998,22
199.17999999999998,100.60666666666668,213.14999999999998,11
199.17999999999998,100.60666666666668,213.14999999999998,0
201.08333333333334,105.02333333333335,211.88,26
201.08333333333334,105.02333333333335,211.88,6
196.64000000000001,96.93,214.20333333333335,7
196.64000000000001,96.93,214.20333333333335,8
199.81333333333336,96.97666666666667,204.04999999999998,12
199.81333333333336,96.97666666666667,204.04999999999998,0
200.45000000000002,98.42999999999999,211.24333333333334,16
199.39000000000001,102.27333333333333,209.34,21
199.39000000000001,102.27333333333333,209.34,22
192.82666666666668,92.46999999999998,205.95333333333335,0
198.12,103.65333333333335,211.03333333333333,18
198.12,103.65333333333335,211.03333333333333,3
198.12,103.65333333333335,211.03333333333333,5
196.65999999999997,99.5925,206.85,10
196.0,94.61666666666667,206.58666666666667,0
202.14333333333335,103.71999999999998,219.07333333333335,15
197.805,97.705,209.55,24
197.805,97.705,209.55,0
201.50666666666666,91.64999999999999,218.44000000000003,17
201.50666666666666,91.64999999999999,218.44000000000003,8
198.75333333333333,94.81666666666668,210.1833333333333,5
198.75333333333333,94.81666666666668,210.1833333333333,0
195.36666666666667,92.58999999999999,204.47000000000003,9
199.38666666666666,100.33666666666666,214.84333333333333,6
193.25,97.67333333333333,203.41333333333333,15
193.25,97.67333333333333,203.41333333333333,6
201.29333333333332,99.25,214.84333333333333,2
201.29333333333332,99.25,214.84333333333333,0
201.29333333333332,99.25,214.84333333333333,2
194.945,96.345,206.69,17
194.945,96.345,206.69,0
195.15666666666667,96.00999999999999,213.99333333333334,24
199.81333333333336,98.33999999999999,216.74666666666667,8
199.81333333333336,98.33999999999999,216.74666666666667,3
202.35333333333332,102.59666666666665,211.66833333333332,0
202.35333333333332,102.59666666666665,211.66833333333332,21
202.35333333333332,102.59666666666665,211.66833333333332,19
200.80666666666664,96.27999999999999,208.07000000000002,20
200.80666666666664,96.27999999999999,208.07000000000002,27
202.35666666666665,103.87333333333333,217.8066666666667,8
202.35666666666665,103.87333333333333,217.8066666666667,2
207.16750000000002,105.66,212.5675,4
207.16750000000002,105.66,212.5675,19
201.08333333333334,105.02333333333335,211.88,5
201.08333333333334,105.02333333333335,211.88,4
196.0,94.61666666666667,206.58666666666667,10
198.33,101.09333333333332,218.01666666666665,4
201.08666666666667,103.47666666666665,220.3466666666667,22
195.15666666666667,96.00999999999999,213.99333333333334,10
195.15666666666667,96.00999999999999,213.99333333333334,20
195.15666666666667,96.00999999999999,213.99333333333334,0
195.36666666666667,98.82333333333332,205.3133333333333,8
201.29333333333332,99.25,214.84333333333333,4
199.8166666666667,104.28000000000002,216.32333333333335,16
199.8166666666667,104.28000000000002,216.32333333333335,3
199.39000000000001,91.98666666666668,210.82000000000002,8
199.39000000000001,91.98666666666668,210.82000000000002,5
199.81333333333336,103.75,211.45333333333335,21
199.81333333333336,103.75,211.45333333333335,9
199.81333333333336,103.75,211.45333333333335,0
200.0233333333333,97.12666666666667,211.45333333333335,19
194.945,95.83500000000001,206.055,15
194.945,95.83500000000001,206.055,22
195.57666666666668,97.85666666666667,205.74,13
195.57666666666668,97.85666666666667,205.74,8
195.57666666666668,97.85666666666667,205.74,5
202.56333333333336,109.62,213.99666666666667,5
202.56333333333336,109.62,213.99666666666667,8
200.24,91.56,212.51333333333332,16
200.24,91.56,212.51333333333332,0
200.24,91.56,212.51333333333332,0
196.65999999999997,99.5925,206.85,9
195.58,94.31666666666666,213.36,0
195.58,94.31666666666666,213.36,6
202.35333333333332,102.59666666666665,211.66833333333332,26
202.35333333333332,102.59666666666665,211.66833333333332,6
197.06000000000003,99.36666666666667,214.20666666666668,0
197.06000000000003,99.36666666666667,214.20666666666668,2
197.06000000000003,99.36666666666667,214.20666666666668,2
203.83499999999998,105.1625,210.3425,27
203.83499999999998,105.1625,210.3425,8
203.83499999999998,105.1625,210.3425,3
199.8166666666667,104.28000000000002,216.32333333333335,4
199.8166666666667,104.28000000000002,216.32333333333335,5
197.69666666666663,95.69333333333334,205.10333333333332,9
199.38666666666666,100.33666666666666,214.84333333333333,14
200.80666666666664,96.27999999999999,208.07000000000002,12
201.08333333333334,105.02333333333335,211.88,8
195.36666666666667,92.58999999999999,204.47000000000003,17
195.36666666666667,92.58999999999999,204.47000000000003,10
200.0233333333333,97.12666666666667,211.45333333333335,9
200.66333333333333,100.39666666666666,213.36333333333334,35
200.66333333333333,100.39666666666666,213.36333333333334,38
197.06000000000003,99.36666666666667,214.20666666666668,35
196.85,96.91666666666667,200.02666666666664,15
196.85,96.91666666666667,200.02666666666664,0
197.2733333333333,99.78333333333335,210.39666666666668,20
197.2733333333333,99.78333333333335,210.39666666666668,2
200.23333333333335,104.53666666666668,209.12666666666667,5
192.82666666666668,92.46999999999998,205.95333333333335,17
192.82666666666668,92.46999999999998,205.95333333333335,4
201.29333333333332,99.25,214.84333333333333,25
201.29333333333332,99.25,214.84333333333333,2
197.6966666666667,96.34333333333332,204.89333333333332,23
197.6966666666667,96.34333333333332,204.89333333333332,0
196.20999999999998,98.245,205.74,24
201.50666666666666,91.64999999999999,218.44000000000003,5
196.64000000000001,102.26333333333334,207.85666666666665,2
201.08666666666667,103.47666666666665,220.3466666666667,11
201.08666666666667,103.47666666666665,220.3466666666667,9
201.08666666666667,103.47666666666665,220.3466666666667,2
201.08666666666667,103.47666666666665,220.3466666666667,5
201.08666666666667,103.47666666666665,220.3466666666667,0
195.57666666666668,97.85666666666667,205.74,16
195.57666666666668,97.85666666666667,205.74,21
195.58,94.31666666666666,213.36,6
202.35333333333332,102.59666666666665,211.66833333333332,28
201.08333333333334,105.02333333333335,211.88,4
196.20999999999998,98.245,205.74,21
196.21666666666667,95.77,210.39333333333335,16
196.21666666666667,95.77,210.39333333333335,24
196.21666666666667,95.77,210.39333333333335,5
196.21666666666667,95.77,210.39333333333335,0
201.08666666666667,103.47666666666665,220.3466666666667,23
201.08666666666667,103.47666666666665,220.3466666666667,0
195.15666666666667,96.00999999999999,213.99333333333334,13
197.48666666666668,97.58333333333333,205.74333333333334,26
199.6,101.90666666666665,207.64333333333332,3
202.885,106.82,215.265,21
199.81333333333336,100.15333333333335,207.22333333333333,22
200.45000000000002,98.42999999999999,211.24333333333334,20
200.45000000000002,98.42999999999999,211.24333333333334,9
194.81599999999997,97.71199999999999,205.48599999999996,12
194.81599999999997,97.71199999999999,205.48599999999996,14
200.23666666666668,88.68666666666667,216.53666666666666,19
199.38666666666666,100.33666666666666,214.84333333333333,3
196.21666666666667,95.77,210.39333333333335,31
196.21666666666667,95.77,210.39333333333335,2
199.17999999999998,96.27999999999999,216.11333333333334,18
199.17999999999998,96.27999999999999,216.11333333333334,2
192.82666666666668,92.46999999999998,205.95333333333335,23
192.82666666666668,92.46999999999998,205.95333333333335,10
207.16750000000002,105.66,212.5675,24
200.66333333333333,100.39666666666666,213.36333333333334,7
200.66333333333333,100.39666666666666,213.36333333333334,0
200.66333333333333,100.39666666666666,213.36333333333334,0
200.66333333333333,100.39666666666666,213.36333333333334,5
196.64000000000001,102.26333333333334,207.85666666666665,4
202.88,98.535,216.22,13
197.2733333333333,99.78333333333335,210.39666666666668,5
199.81333333333336,103.75,211.45333333333335,14
199.81333333333336,103.75,211.45333333333335,0
196.42666666666665,94.67666666666668,205.53,13
200.80666666666664,96.27999999999999,208.07000000000002,1
200.80666666666664,96.27999999999999,208.07000000000002,0
201.08333333333334,105.02333333333335,211.88,12
197.69666666666663,95.69333333333334,205.10333333333332,0
201.29666666666665,100.72666666666667,215.26333333333332,2
201.29666666666665,100.72666666666667,215.26333333333332,3
195.15666666666667,96.00999999999999,213.99333333333334,6
199.71666666666667,99.72333333333331,205.32000000000002,27
196.0,97.24333333333334,207.4333333333333,41
198.96666666666667,99.36333333333334,213.36,15
198.96666666666667,97.27999999999999,210.18666666666664,24
198.96666666666667,97.27999999999999,210.18666666666664,30
198.96666666666667,97.27999999999999,210.18666666666664,0
201.08666666666667,103.47666666666665,220.3466666666667,12
201.08666666666667,103.47666666666665,220.3466666666667,2
195.36666666666667,98.82333333333332,205.3133333333333,20
195.36666666666667,98.82333333333332,205.3133333333333,7
196.42666666666665,94.67666666666668,205.53,3
200.80666666666664,96.27999999999999,208.07000000000002,6
200.80666666666664,96.27999999999999,208.07000000000002,7
197.69666666666663,95.69333333333334,205.10333333333332,4
196.64000000000001,102.26333333333334,207.85666666666665,4
196.64000000000001,102.26333333333334,207.85666666666665,21
201.50666666666666,91.64999999999999,218.44000000000003,8
202.88,98.535,216.22,3
199.8166666666667,104.28000000000002,216.32333333333335,0
199.8166666666667,104.28000000000002,216.32333333333335,11
198.96666666666667,105.35333333333334,211.24,3
201.08333333333334,105.02333333333335,211.88,0
195.36666666666667,98.82333333333332,205.3133333333333,2
196.85,96.91666666666667,200.02666666666664,9
196.85,96.91666666666667,200.02666666666664,30
202.35666666666665,103.87333333333333,217.8066666666667,28
202.35666666666665,103.87333333333333,217.8066666666667,9
194.945,95.83500000000001,206.055,15
194.945,95.83500000000001,206.055,15
195.57666666666668,97.85666666666667,205.74,7
196.21666666666667,95.77,210.39333333333335,28
196.21666666666667,95.77,210.39333333333335,3
200.45000000000002,98.42999999999999,211.24333333333334,18
200.45000000000002,98.42999999999999,211.24333333333334,7
192.82666666666668,92.46999999999998,205.95333333333335,17
192.82666666666668,92.46999999999998,205.95333333333335,4
211.88,101.46999999999998,224.155,6
196.53,97.10499999999999,212.09,10
196.65999999999997,99.5925,206.85,10
196.65999999999997,99.5925,206.85,18
197.90666666666667,100.36666666666667,214.20666666666668,26
198.12,94.28666666666668,205.73666666666668,6
200.80666666666664,96.27999999999999,208.07000000000002,38
195.15666666666667,96.00999999999999,213.99333333333334,12
198.75333333333333,94.81666666666668,210.1833333333333,10
200.44666666666663,98.72666666666667,213.14833333333334,2
200.44666666666663,98.72666666666667,213.14833333333334,0
199.6,104.11333333333333,209.97,26
199.6,104.11333333333333,209.97,14
198.11999999999998,93.34666666666668,213.36,4
196.53,97.10499999999999,212.09,10
196.53,97.10499999999999,212.09,0
197.2733333333333,99.78333333333335,210.39666666666668,24
197.2733333333333,99.78333333333335,210.39666666666668,17
197.90666666666667,100.36666666666667,214.20666666666668,12
196.42666666666665,94.67666666666668,205.53,7
196.42666666666665,94.67666666666668,205.53,18
202.35666666666665,102.99666666666667,215.90333333333334,9
200.0233333333333,97.12666666666667,211.45333333333335,33
200.0233333333333,97.12666666666667,211.45333333333335,12
200.45000000000002,98.42999999999999,211.24333333333334,18
200.45000000000002,98.42999999999999,211.24333333333334,13
199.71666666666667,99.72333333333331,205.32000000000002,15
199.71666666666667,99.72333333333331,205.32000000000002,11
199.81333333333336,100.15333333333335,207.22333333333333,2
199.17999999999998,100.60666666666668,213.14999999999998,25
199.075,97.84,214.31,13
199.81333333333336,103.75,211.45333333333335,17
199.81333333333336,103.75,211.45333333333335,5
196.65999999999997,99.5925,206.85,11
196.65999999999997,99.5925,206.85,0
201.72,99.33,212.30166666666665,24
201.72,99.33,212.30166666666665,0
201.72,99.33,212.30166666666665,0
192.82666666666668,92.46999999999998,205.95333333333335,19
192.82666666666668,92.46999999999998,205.95333333333335,5
192.82666666666668,92.46999999999998,205.95333333333335,0
207.16750000000002,105.66,212.5675,12
207.16750000000002,105.66,212.5675,2
201.29333333333332,99.25,214.84333333333333,3
201.29333333333332,99.25,214.84333333333333,0
199.17999999999998,96.27999999999999,216.11333333333334,32
199.17999999999998,96.27999999999999,216.11333333333334,7
202.35666666666665,103.87333333333333,217.8066666666667,38
200.80666666666664,96.27999999999999,208.07000000000002,0
205.3166666666667,96.17999999999999,220.34666666666666,4
195.36666666666667,98.82333333333332,205.3133333333333,8
195.36666666666667,98.82333333333332,205.3133333333333,26
202.35333333333332,102.59666666666665,211.66833333333332,6
199.8166666666667,104.28000000000002,216.32333333333335,3
196.64000000000001,100.57000000000001,206.37333333333336,5
198.54333333333332,99.75999999999999,204.89333333333335,9
200.66,99.06333333333333,213.36,15
200.45000000000002,98.42999999999999,211.24333333333334,27
200.45000000000002,98.42999999999999,211.24333333333334,12
200.0233333333333,97.12666666666667,211.45333333333335,17
200.0233333333333,97.12666666666667,211.45333333333335,15
196.53,97.10499999999999,212.09,24
196.53,97.10499999999999,212.09,3
207.16750000000002,105.66,212.5675,10
207.16750000000002,105.66,212.5675,1
207.16750000000002,105.66,212.5675,4
207.16750000000002,105.66,212.5675,0
207.16750000000002,105.66,212.5675,0
195.57666666666668,97.85666666666667,205.74,5
199.81333333333336,103.75,211.45333333333335,8
199.81333333333336,103.75,211.45333333333335,10
199.81333333333336,103.75,211.45333333333335,0
199.81333333333336,103.75,211.45333333333335,4
201.08666666666667,103.47666666666665,220.3466666666667,12
202.88,98.535,216.22,20
200.34,109.18,209.235,10
199.38666666666666,100.33666666666666,214.84333333333333,0
198.96666666666667,99.36333333333334,213.36,12
200.02666666666664,96.64666666666666,212.7266666666667,23
194.5233333333333,93.13666666666666,210.18333333333337,11
199.38666666666666,100.33666666666666,214.84333333333333,8
199.8166666666667,104.28000000000002,216.32333333333335,10
195.58,94.31666666666666,213.36,0
200.23666666666668,88.68666666666667,216.53666666666666,28
202.35333333333332,102.59666666666665,211.66833333333332,19
202.35333333333332,102.59666666666665,211.66833333333332,11
199.6,106.38333333333334,206.79999999999998,8
196.21333333333334,93.07333333333334,206.16333333333333,0
196.21333333333334,93.07333333333334,206.16333333333333,0
197.69666666666663,95.69333333333334,205.10333333333332,15
199.6,101.90666666666665,207.64333333333332,8
196.65999999999997,99.5925,206.85,6
196.65999999999997,99.5925,206.85,11
200.0233333333333,97.12666666666667,211.45333333333335,24
200.0233333333333,97.12666666666667,211.45333333333335,2
200.66,99.06333333333333,213.36,15
200.66,99.06333333333333,213.36,8
200.45000000000002,98.42999999999999,211.24333333333334,6
197.90666666666667,100.36666666666667,214.20666666666668,0
197.48666666666668,97.58333333333333,205.74333333333334,14
197.48666666666668,97.58333333333333,205.74333333333334,26
192.82666666666668,92.46999999999998,205.95333333333335,18
192.82666666666668,92.46999999999998,205.95333333333335,2
198.96666666666667,99.36333333333334,213.36,4
194.81599999999997,97.71199999999999,205.48599999999996,12
201.08666666666667,99.18333333333332,215.68666666666664,34
201.08666666666667,99.18333333333332,215.68666666666664,10
200.45000000000002,98.42999999999999,211.24333333333334,19
200.45000000000002,98.42999999999999,211.24333333333334,0
199.17999999999998,100.60666666666668,213.14999999999998,13
199.17999999999998,100.60666666666668,213.14999999999998,5
200.02666666666664,92.92666666666666,215.4766666666667,32
200.02666666666664,92.92666666666666,215.4766666666667,17
196.53,93.16499999999999,210.82,16
196.53,93.16499999999999,210.82,5
197.48666666666668,94.31666666666666,210.1866666666667,2
197.48666666666668,94.31666666666666,210.1866666666667,22
200.02499999999998,94.755,210.5,11
200.02499999999998,94.755,210.5,0
200.02499999999998,94.755,210.5,0
207.16750000000002,105.66,212.5675,5
200.23666666666668,88.68666666666667,216.53666666666666,13
200.23666666666668,88.68666666666667,216.53666666666666,5
202.56749999999997,101.145,211.29625,9
199.6,101.90666666666665,207.64333333333332,19
199.6,101.90666666666665,207.64333333333332,16
196.37500000000003,96.43,210.505,26
196.37500000000003,96.43,210.505,1
198.75333333333333,94.81666666666668,210.1833333333333,35
198.75333333333333,94.81666666666668,210.1833333333333,15
197.90666666666667,100.36666666666667,214.20666666666668,4
199.38666666666666,100.33666666666666,214.84333333333333,8
199.8166666666667,104.28000000000002,216.32333333333335,5
202.35666666666665,103.87333333333333,217.8066666666667,10
197.48666666666668,97.58333333333333,205.74333333333334,16
197.48666666666668,97.58333333333333,205.74333333333334,8
197.91,95.61666666666667,215.68666666666664,0
198.11999999999998,93.34666666666668,213.36,17
198.11999999999998,93.34666666666668,213.36,0
202.35666666666665,103.87333333333333,217.8066666666667,13
200.80666666666664,96.27999999999999,208.07000000000002,28
200.80666666666664,96.27999999999999,208.07000000000002,7
194.73333333333335,96.00999999999999,210.82000000000002,6
197.27666666666667,100.81666666666668,214.63,31
197.27666666666667,100.81666666666668,214.63,2
196.21666666666667,95.77,210.39333333333335,8
200.86999999999998,103.26666666666667,205.74,16
200.86999999999998,103.26666666666667,205.74,16
201.08666666666667,99.18333333333332,215.68666666666664,11
201.08666666666667,99.18333333333332,215.68666666666664,0
201.08666666666667,99.18333333333332,215.68666666666664,2
196.21333333333334,91.38333333333333,206.16,29
196.21333333333334,91.38333333333333,206.16,7
196.21333333333334,91.38333333333333,206.16,0
194.81599999999997,97.71199999999999,205.48599999999996,5
200.23666666666668,98.40000000000002,215.26666666666665,3
207.16750000000002,105.66,212.5675,0
195.36666666666667,98.82333333333332,205.3133333333333,22
195.36666666666667,98.82333333333332,205.3133333333333,12
195.36666666666667,98.82333333333332,205.3133333333333,0
199.6,106.38333333333334,206.79999999999998,11
200.66,99.06333333333333,213.36,36
200.66,99.06333333333333,213.36,10
200.66,99.06333333333333,213.36,6
196.84666666666666,95.91333333333334,204.6816666666667,6
202.77666666666664,93.22333333333334,216.32666666666668,21
198.54,97.73333333333335,211.66666666666666,0
196.21333333333334,93.07333333333334,206.16333333333333,26
196.21333333333334,93.07333333333334,206.16333333333333,23
197.91,95.61666666666667,215.68666666666664,35
197.91,95.61666666666667,215.68666666666664,10
202.35666666666665,103.87333333333333,217.8066666666667,24
196.37500000000003,96.43,210.505,38
196.37500000000003,96.43,210.505,5
198.12,103.65333333333335,211.03333333333333,3
198.12,103.65333333333335,211.03333333333333,2
197.69666666666663,95.69333333333334,205.10333333333332,8
197.69666666666663,95.69333333333334,205.10333333333332,12
199.17999999999998,100.60666666666668,213.14999999999998,8
196.53,93.16499999999999,210.82,0
200.50249999999997,99.6075,209.70999999999998,7
200.80666666666664,96.27999999999999,208.07000000000002,9
200.80666666666664,96.27999999999999,208.07000000000002,6
200.0233333333333,97.12666666666667,211.45333333333335,12
200.0233333333333,97.12666666666667,211.45333333333335,6
200.0233333333333,97.12666666666667,211.45333333333335,2
199.6,98.61,209.76,2
199.6,98.61,209.76,10
199.6,98.61,209.76,17
201.08666666666667,99.18333333333332,215.68666666666664,11
199.81333333333336,103.75,211.45333333333335,14
199.81333333333336,103.75,211.45333333333335,4
200.45000000000002,98.42999999999999,211.24333333333334,0
194.9425,97.87249999999999,204.94750000000002,19
194.9425,97.87249999999999,204.94750000000002,8
202.88,98.535,216.22,6
202.88,98.535,216.22,29
196.21666666666667,95.77,210.39333333333335,9
200.0233333333333,97.12666666666667,211.45333333333335,15
197.4433333333333,100.43333333333334,206.58666666666667,4
197.4433333333333,100.43333333333334,206.58666666666667,29
197.4433333333333,100.43333333333334,206.58666666666667,19
196.64000000000001,88.84333333333335,207.85666666666668,9
199.8166666666667,104.28000000000002,216.32333333333335,13
199.8166666666667,104.28000000000002,216.32333333333335,7
199.17999999999998,100.60666666666668,213.14999999999998,25
199.17999999999998,100.60666666666668,213.14999999999998,6
199.17999999999998,100.60666666666668,213.14999999999998,5
195.36666666666667,98.82333333333332,205.3133333333333,0
200.50249999999997,99.6075,209.70999999999998,17
199.7166666666667,109.49333333333334,210.61,6
199.7166666666667,109.49333333333334,210.61,5
197.6933333333333,95.52666666666666,208.28,1
200.23666666666668,88.68666666666667,216.53666666666666,13
202.35666666666665,103.87333333333333,217.8066666666667,13
196.21333333333334,93.07333333333334,206.16333333333333,37
196.21333333333334,93.07333333333334,206.16333333333333,2
196.37500000000003,96.43,210.505,39
196.37500000000003,96.43,210.505,10
197.91,95.61666666666667,215.68666666666664,3
201.50666666666666,87.35666666666667,210.61,14
201.50666666666666,87.35666666666667,210.61,4
204.25666666666666,101.78333333333335,216.11333333333334,7
197.69666666666663,95.69333333333334,205.10333333333332,0
192.82666666666668,92.46999999999998,205.95333333333335,0
192.82666666666668,92.46999999999998,205.95333333333335,3
192.82666666666668,92.46999999999998,205.95333333333335,0
192.82666666666668,92.46999999999998,205.95333333333335,0
207.16750000000002,105.66,212.5675,19
196.53,93.16499999999999,210.82,9
196.53,93.16499999999999,210.82,17
196.53,93.16499999999999,210.82,4
196.53,93.16499999999999,210.82,0
200.66,99.06333333333333,213.36,10
200.66,99.06333333333333,213.36,4
196.21666666666667,95.77,210.39333333333335,5
199.6,101.90666666666665,207.64333333333332,12
199.7166666666667,109.49333333333334,210.61,15
199.7166666666667,109.49333333333334,210.61,0
199.81333333333336,103.75,211.45333333333335,6
198.96666666666667,95.61333333333334,207.22,3
198.54333333333332,99.75999999999999,204.89333333333335,20
198.54333333333332,99.75999999999999,204.89333333333335,14
198.54333333333332,99.75999999999999,204.89333333333335,9
196.84666666666666,97.15666666666665,209.34,4
196.84666666666666,97.15666666666665,209.34,4
197.69666666666663,95.69333333333334,205.10333333333332,6
200.45000000000002,98.42999999999999,211.24333333333334,18
200.45000000000002,98.42999999999999,211.24333333333334,0
200.45000000000002,98.42999999999999,211.24333333333334,0
194.94333333333336,93.89333333333333,204.67999999999998,22
194.94333333333336,93.89333333333333,204.67999999999998,12
199.17999999999998,100.60666666666668,213.14999999999998,16
199.17999999999998,100.60666666666668,213.14999999999998,19
199.17999999999998,100.60666666666668,213.14999999999998,2
199.6,106.38333333333334,206.79999999999998,2
199.8166666666667,104.28000000000002,216.32333333333335,14
199.8166666666667,104.28000000000002,216.32333333333335,0
196.65999999999997,99.5925,206.85,9
198.12,103.65333333333335,211.03333333333333,16
200.80666666666664,96.27999999999999,208.07000000000002,18
200.80666666666664,96.27999999999999,208.07000000000002,11
200.50249999999997,99.6075,209.70999999999998,21
200.50249999999997,99.6075,209.70999999999998,28
198.54,97.73333333333335,211.66666666666666,5
198.54,97.73333333333335,211.66666666666666,3
198.54,97.73333333333335,211.66666666666666,0
198.33,96.55666666666667,214.41666666666666,5
196.42666666666665,94.67666666666668,205.53,7
200.0233333333333,100.39,207.85666666666665,11
200.0233333333333,100.39,207.85666666666665,14
200.0233333333333,100.39,207.85666666666665,5
201.08666666666667,103.47666666666665,220.3466666666667,6
201.08666666666667,103.47666666666665,220.3466666666667,6
201.08666666666667,103.47666666666665,220.3466666666667,0
192.82666666666668,92.46999999999998,205.95333333333335,7
204.25666666666666,101.78333333333335,216.11333333333334,23
204.25666666666666,101.78333333333335,216.11333333333334,3
196.37500000000003,96.43,210.505,17
196.37500000000003,96.43,210.505,4
194.73333333333335,96.00999999999999,210.82000000000002,26
194.73333333333335,96.00999999999999,210.82000000000002,0
197.91,95.61666666666667,215.68666666666664,31
197.91,95.61666666666667,215.68666666666664,13
195.36666666666667,98.82333333333332,205.3133333333333,14
195.36666666666667,98.82333333333332,205.3133333333333,26
202.35333333333332,98.75666666666666,210.82000000000002,30
202.35333333333332,98.75666666666666,210.82000000000002,0
194.73333333333335,96.00999999999999,210.82000000000002,7
198.33,96.55666666666667,214.41666666666666,32
198.33,96.55666666666667,214.41666666666666,10
198.96666666666667,97.27999999999999,210.18666666666664,26
198.96666666666667,97.27999999999999,210.18666666666664,24
198.54,97.73333333333335,211.66666666666666,3
199.17999999999998,100.60666666666668,213.14999999999998,13
198.12,103.65333333333335,211.03333333333333,22
201.72,100.24666666666667,210.18666666666664,7
201.72,100.24666666666667,210.18666666666664,12
198.96666666666667,95.61333333333334,207.22,28
198.96666666666667,95.61333333333334,207.22,6
200.45000000000002,98.42999999999999,211.24333333333334,4
200.45000000000002,98.42999999999999,211.24333333333334,33
200.45000000000002,98.42999999999999,211.24333333333334,15
196.21333333333334,93.07333333333334,206.16333333333333,13
200.66333333333333,100.33666666666666,211.03333333333333,0
200.0233333333333,100.39,207.85666666666665,7
200.0233333333333,100.39,207.85666666666665,2
197.69666666666663,95.69333333333334,205.10333333333332,12
201.29333333333332,99.25,214.84333333333333,8
200.66,99.06333333333333,213.36,25
200.66,99.06333333333333,213.36,0
197.27666666666667,100.81666666666668,214.63,15
197.27666666666667,100.81666666666668,214.63,5
196.21666666666667,95.77,210.39333333333335,7
196.21666666666667,95.77,210.39333333333335,0
203.41,95.76666666666667,216.11333333333334,10
203.41,95.76666666666667,216.11333333333334,22
203.41,95.76666666666667,216.11333333333334,14
201.08333333333334,105.29333333333334,212.51333333333332,3
199.81333333333336,103.75,211.45333333333335,12
199.81333333333336,103.75,211.45333333333335,7
194.94333333333336,93.89333333333333,204.67999999999998,10
192.82666666666668,92.46999999999998,205.95333333333335,20
192.82666666666668,92.46999999999998,205.95333333333335,13
206.16666666666666,104.47666666666665,220.76666666666668,0
198.33,96.55666666666667,214.41666666666666,7
198.96666666666667,97.27999999999999,210.18666666666664,12
197.27666666666667,100.81666666666668,214.63,18
200.02666666666664,94.46999999999998,208.28333333333333,4
199.6,98.61,209.76,22
199.6,98.61,209.76,20
200.45000000000002,98.42999999999999,211.24333333333334,7
200.45000000000002,98.42999999999999,211.24333333333334,0
198.54,97.73333333333335,211.66666666666666,14
198.54,97.73333333333335,211.66666666666666,5
198.12,103.65333333333335,211.03333333333333,20
198.12,103.65333333333335,211.03333333333333,34
192.82666666666668,92.46999999999998,205.95333333333335,8
201.08666666666667,103.47666666666665,220.3466666666667,2
199.17999999999998,100.60666666666668,213.14999999999998,13
199.17999999999998,100.60666666666668,213.14999999999998,26
196.65999999999997,99.5925,206.85,23
196.65999999999997,99.5925,206.85,15
196.65999999999997,99.5925,206.85,2
199.6,106.38333333333334,206.79999999999998,18
199.7166666666667,113.42333333333333,211.66666666666666,2
193.25333333333333,97.33999999999999,209.55333333333337,0
200.0233333333333,100.39,207.85666666666665,10
200.0233333333333,100.39,207.85666666666665,0
199.81333333333336,103.75,211.45333333333335,5
196.21333333333334,93.07333333333334,206.16333333333333,0
196.21333333333334,93.07333333333334,206.16333333333333,0
197.69666666666663,95.69333333333334,205.10333333333332,0
204.04666666666665,90.31333333333333,214.63,16
204.04666666666665,90.31333333333333,214.63,9
199.075,97.84,214.31,0
199.075,97.84,214.31,11
200.66,99.06333333333333,213.36,18
200.66,99.06333333333333,213.36,22
200.66,99.06333333333333,213.36,1
200.0233333333333,101.3,214.63,16
202.5666666666667,103.41666666666667,211.45666666666668,20
202.5666666666667,103.41666666666667,211.45666666666668,6
201.29333333333332,99.25,214.84333333333333,12
201.29333333333332,99.25,214.84333333333333,10
198.11999999999998,93.34666666666668,213.36,7
198.11999999999998,93.34666666666668,213.36,22
196.37500000000003,96.43,210.505,13
196.37500000000003,96.43,210.505,5
202.77666666666667,108.46666666666665,213.14666666666665,8
202.77666666666667,108.46666666666665,213.14666666666665,25
198.11999999999998,93.34666666666668,213.36,15
198.11999999999998,93.34666666666668,213.36,11
199.17999999999998,99.73,207.01,13
199.17999999999998,99.73,207.01,0
198.96666666666667,97.27999999999999,210.18666666666664,10
198.96666666666667,97.27999999999999,210.18666666666664,4
199.17999999999998,100.60666666666668,213.14999999999998,9
198.54333333333332,95.91666666666667,208.91333333333333,22
197.91,95.61666666666667,215.68666666666664,0
197.91,95.61666666666667,215.68666666666664,0
200.0233333333333,100.39,207.85666666666665,10
200.0233333333333,100.39,207.85666666666665,23
200.0233333333333,100.39,207.85666666666665,20
198.54333333333332,100.06333333333333,209.76,0
196.65999999999997,99.5925,206.85,11
193.25333333333333,99.27666666666666,213.57333333333335,9
199.81333333333336,103.75,211.45333333333335,24
199.81333333333336,103.75,211.45333333333335,0
200.66,101.34,215.265,12
196.42999999999998,98.52333333333333,207.4366666666667,6
196.42999999999998,98.52333333333333,207.4366666666667,2
199.8166666666667,104.28000000000002,216.32333333333335,11
196.84666666666666,97.15666666666665,209.34,32
196.84666666666666,97.15666666666665,209.34,8
200.45000000000002,98.42999999999999,211.24333333333334,8
192.82666666666668,92.46999999999998,205.95333333333335,34
199.075,97.84,214.31,11
199.075,97.84,214.31,18
202.35666666666665,103.87333333333333,217.8066666666667,8
202.35666666666665,103.87333333333333,217.8066666666667,0
202.35333333333332,98.75666666666666,210.82000000000002,10
202.35333333333332,98.75666666666666,210.82000000000002,14
198.54,97.73333333333335,211.66666666666666,8
198.54,97.73333333333335,211.66666666666666,9
200.23666666666668,98.85333333333334,212.09,31
200.23666666666668,98.85333333333334,212.09,6
195.36666666666667,98.82333333333332,205.3133333333333,6
201.72,100.24666666666667,210.18666666666664,0
199.38666666666666,100.33666666666666,214.84333333333333,12
196.64000000000001,96.93,214.20333333333335,0
196.64000000000001,96.93,214.20333333333335,2
200.23666666666668,88.68666666666667,216.53666666666666,7
198.54,102.39,208.91666666666666,17
198.54,102.39,208.91666666666666,6
194.94333333333336,93.89333333333333,204.67999999999998,14
194.94333333333336,93.89333333333333,204.67999999999998,14
199.81333333333336,103.75,211.45333333333335,1
199.17999999999998,100.60666666666668,213.14999999999998,9
199.17999999999998,100.60666666666668,213.14999999999998,0
198.11999999999998,93.34666666666668,213.36,18
198.11999999999998,93.34666666666668,213.36,0
200.66,99.06333333333333,213.36,10
200.66,99.06333333333333,213.36,17
200.66,99.06333333333333,213.36,5
201.08666666666667,103.47666666666665,220.3466666666667,5
196.65999999999997,99.5925,206.85,13
196.65999999999997,99.5925,206.85,4
196.65999999999997,99.5925,206.85,18
198.96666666666667,95.61333333333334,207.22,16
198.96666666666667,95.61333333333334,207.22,0
196.84666666666666,97.15666666666665,209.34,9
196.84666666666666,97.15666666666665,209.34,25
202.35666666666665,103.87333333333333,217.8066666666667,14
200.0233333333333,100.39,207.85666666666665,23
200.0233333333333,100.39,207.85666666666665,13
200.45000000000002,98.42999999999999,211.24333333333334,12
200.45000000000002,98.42999999999999,211.24333333333334,0
200.45000000000002,98.42999999999999,211.24333333333334,0
201.08666666666667,103.47666666666665,220.3466666666667,30
194.73333333333335,97.94666666666666,214.84,13
194.73333333333335,97.94666666666666,214.84,23
194.73333333333335,97.94666666666666,214.84,0
195.37,98.96999999999998,213.78666666666666,15
196.64000000000001,102.26333333333334,207.85666666666665,12
196.64000000000001,102.26333333333334,207.85666666666665,12
199.075,97.84,214.31,7
199.075,97.84,214.31,4
199.17999999999998,99.73,207.01,12
199.17999999999998,99.73,207.01,8
196.21333333333334,93.07333333333334,206.16333333333333,0
201.72,100.24666666666667,210.18666666666664,19
201.72,100.24666666666667,210.18666666666664,34
198.54,97.73333333333335,211.66666666666666,9
198.33,101.09333333333332,218.01666666666665,23
198.33,101.09333333333332,218.01666666666665,15
198.54,97.73333333333335,211.66666666666666,17
198.96666666666667,97.27999999999999,210.18666666666664,12
203.2,102.0,218.44,15
196.37500000000003,96.43,210.505,4
200.23666666666668,88.68666666666667,216.53666666666666,6
200.23666666666668,88.68666666666667,216.53666666666666,21
202.35666666666665,103.87333333333333,217.8066666666667,1
196.65999999999997,99.5925,206.85,6
196.84666666666666,97.15666666666665,209.34,15
192.82666666666668,92.46999999999998,205.95333333333335,36
192.82666666666668,92.46999999999998,205.95333333333335,24
192.82666666666668,92.46999999999998,205.95333333333335,14
196.85,94.91666666666667,206.79666666666665,22
196.85,94.91666666666667,206.79666666666665,23
197.48666666666668,92.62333333333333,204.89,14
198.11999999999998,93.34666666666668,213.36,13
200.23666666666668,98.40000000000002,215.26666666666665,9
200.23666666666668,98.40000000000002,215.26666666666665,4
199.6,98.61,209.76,0
200.0233333333333,100.39,207.85666666666665,27
200.0233333333333,100.39,207.85666666666665,15
200.45000000000002,98.42999999999999,211.24333333333334,14
199.81333333333336,103.75,211.45333333333335,14
199.81333333333336,103.75,211.45333333333335,18
199.075,97.84,214.31,11
201.08666666666667,103.47666666666665,220.3466666666667,15
196.65999999999997,99.5925,206.85,29
196.65999999999997,99.5925,206.85,9
196.65999999999997,99.5925,206.85,2
194.09666666666666,98.60666666666667,207.00666666666666,3
199.39000000000001,105.28666666666668,212.30333333333337,12
200.50249999999997,99.6075,209.70999999999998,17
200.50249999999997,99.6075,209.70999999999998,18
200.50249999999997,99.6075,209.70999999999998,10
198.33333333333334,99.91000000000001,217.59333333333333,8
198.33333333333334,99.91000000000001,217.59333333333333,11
197.06000000000003,93.16666666666667,205.74,30
197.06000000000003,93.16666666666667,205.74,2
196.37500000000003,96.43,210.505,9
192.725,105.055,206.695,27
192.725,105.055,206.695,4
202.35666666666665,103.87333333333333,217.8066666666667,0
202.35666666666665,103.87333333333333,217.8066666666667,5
196.21333333333334,93.07333333333334,206.16333333333333,16
196.21333333333334,93.07333333333334,206.16333333333333,11
200.80666666666664,96.27999999999999,208.07000000000002,3
200.80666666666664,96.27999999999999,208.07000000000002,4
197.95999999999998,95.26749999999998,207.3275,11
191.13333333333333,93.34333333333332,202.14,5
197.69666666666663,98.66666666666667,208.91666666666666,5
197.69666666666663,98.66666666666667,208.91666666666666,0
197.69666666666663,98.66666666666667,208.91666666666666,0
199.17999999999998,100.60666666666668,213.14999999999998,17
199.17999999999998,100.60666666666668,213.14999999999998,7
198.12,103.65333333333335,211.03333333333333,2
199.6,98.61,209.76,12
203.2,102.0,218.44,12
198.96666666666667,95.61333333333334,207.22,11
197.27666666666667,100.81666666666668,214.63,17
197.27666666666667,100.81666666666668,214.63,22
197.27666666666667,100.81666666666668,214.63,14
198.54,97.73333333333335,211.66666666666666,6
196.42333333333332,98.55333333333334,212.51333333333332,20
196.42333333333332,98.55333333333334,212.51333333333332,25
192.82666666666668,92.46999999999998,205.95333333333335,33
192.82666666666668,92.46999999999998,205.95333333333335,18
192.82666666666668,92.46999999999998,205.95333333333335,11
198.96666666666667,99.36333333333334,213.36,0
192.82666666666668,92.46999999999998,205.95333333333335,15
200.80666666666664,96.27999999999999,208.07000000000002,23
200.80666666666664,96.27999999999999,208.07000000000002,4
200.80666666666664,96.27999999999999,208.07000000000002,16
197.90666666666667,109.44333333333334,212.93666666666664,4
202.35666666666665,103.87333333333333,217.8066666666667,31
202.35666666666665,103.87333333333333,217.8066666666667,5
194.73333333333335,96.00999999999999,210.82000000000002,31
194.73333333333335,96.00999999999999,210.82000000000002,5
199.6,98.61,209.76,23
196.65999999999997,99.5925,206.85,14
196.65999999999997,99.5925,206.85,0
196.65999999999997,99.5925,206.85,0
196.65999999999997,99.5925,206.85,2
198.54,97.73333333333335,211.66666666666666,2
198.54,97.73333333333335,211.66666666666666,0
198.75333333333333,94.81666666666668,210.1833333333333,17
198.75333333333333,94.81666666666668,210.1833333333333,25
194.3133333333333,90.96,211.03333333333333,13
199.17999999999998,100.60666666666668,213.14999999999998,27
199.17999999999998,100.60666666666668,213.14999999999998,16
199.17999999999998,100.60666666666668,213.14999999999998,12
198.96666666666667,95.61333333333334,207.22,2
203.2,102.0,218.44,15
196.85,94.91666666666667,206.79666666666665,14
201.08666666666667,103.47666666666665,220.3466666666667,19
201.08666666666667,103.47666666666665,220.3466666666667,24
201.08666666666667,103.47666666666665,220.3466666666667,15
201.08666666666667,103.47666666666665,220.3466666666667,0
198.54,101.75666666666667,207.22333333333336,23
198.54,101.75666666666667,207.22333333333336,12
200.45000000000002,98.42999999999999,211.24333333333334,6
200.45000000000002,98.42999999999999,211.24333333333334,0
199.075,97.84,214.31,16
199.075,97.84,214.31,16
196.84666666666666,97.15666666666665,209.34,0
195.48333333333335,111.61,208.07000000000002,5
198.96666666666667,99.36333333333334,213.36,0
199.8166666666667,104.28000000000002,216.32333333333335,0
199.8166666666667,104.28000000000002,216.32333333333335,11
202.35333333333332,102.59666666666665,211.66833333333332,7
196.21333333333334,93.07333333333334,206.16333333333333,8
192.82666666666668,92.46999999999998,205.95333333333335,20
192.82666666666668,92.46999999999998,205.95333333333335,0
202.35666666666665,103.87333333333333,217.8066666666667,10
202.35666666666665,103.87333333333333,217.8066666666667,5
202.35666666666665,103.87333333333333,217.8066666666667,14
197.90666666666667,109.44333333333334,212.93666666666664,30
197.90666666666667,109.44333333333334,212.93666666666664,15
197.06000000000003,96.94333333333333,209.12833333333333,2
199.17999999999998,100.60666666666668,213.14999999999998,9
199.17999999999998,100.60666666666668,213.14999999999998,0
202.35333333333332,98.75666666666666,210.82000000000002,41
202.35333333333332,98.75666666666666,210.82000000000002,20
193.25333333333333,99.27666666666666,213.57333333333335,9
200.80666666666664,96.27999999999999,208.07000000000002,0
197.95999999999998,95.26749999999998,207.3275,5
196.42666666666665,94.67666666666668,205.53,0
196.42666666666665,94.67666666666668,205.53,13
196.00333333333333,101.24333333333334,211.03333333333333,16
196.00333333333333,101.24333333333334,211.03333333333333,15
196.00333333333333,101.24333333333334,211.03333333333333,14
195.48333333333335,111.61,208.07000000000002,7
199.8166666666667,104.28000000000002,216.32333333333335,4
198.96666666666667,95.61333333333334,207.22,11
198.96666666666667,95.61333333333334,207.22,31
201.08666666666667,103.47666666666665,220.3466666666667,24
201.08666666666667,103.47666666666665,220.3466666666667,22
201.08666666666667,103.47666666666665,220.3466666666667,20
200.0233333333333,100.39,207.85666666666665,0
196.0,94.61666666666667,206.58666666666667,6
196.0,94.61666666666667,206.58666666666667,2
196.0,94.61666666666667,206.58666666666667,6
196.0,94.61666666666667,206.58666666666667,2
200.23666666666668,88.68666666666667,216.53666666666666,24
199.38666666666666,100.33666666666666,214.84333333333333,2
196.85,94.91666666666667,206.79666666666665,17
196.85,94.91666666666667,206.79666666666665,7
196.85,94.91666666666667,206.79666666666665,0
200.45000000000002,98.42999999999999,211.24333333333334,8
199.39,101.06,210.82,24
203.2,102.0,218.44,13
199.81333333333336,103.75,211.45333333333335,23
197.4433333333333,100.43333333333334,206.58666666666667,1
194.3133333333333,90.96,211.03333333333333,34
194.3133333333333,90.96,211.03333333333333,20
200.80666666666664,96.27999999999999,208.07000000000002,13
200.80666666666664,96.27999999999999,208.07000000000002,2
196.85,94.91666666666667,206.79666666666665,14
199.39000000000001,105.28666666666668,212.30333333333337,6
199.8166666666667,104.28000000000002,216.32333333333335,7
199.8166666666667,104.28000000000002,216.32333333333335,10
199.8166666666667,104.28000000000002,216.32333333333335,5
199.6,98.61,209.76,0
199.17999999999998,100.60666666666668,213.14999999999998,13
197.96000000000004,97.42750000000001,209.54999999999998,18
197.96000000000004,97.42750000000001,209.54999999999998,2
197.4433333333333,100.43333333333334,206.58666666666667,20
197.4433333333333,100.43333333333334,206.58666666666667,29
201.08666666666667,103.47666666666665,220.3466666666667,27
198.12,100.68,212.09,22
198.12,100.68,212.09,3
197.95999999999998,95.26749999999998,207.3275,0
196.21666666666667,95.77,210.39333333333335,21
196.21666666666667,95.77,210.39333333333335,9
196.21666666666667,95.77,210.39333333333335,10
197.6966666666667,96.34333333333332,204.89333333333332,10
197.6966666666667,96.34333333333332,204.89333333333332,8
196.00333333333333,101.24333333333334,211.03333333333333,12
192.82666666666668,92.46999999999998,205.95333333333335,8
198.96666666666667,95.61333333333334,207.22,23
198.96666666666667,95.61333333333334,207.22,20
198.96666666666667,95.61333333333334,207.22,18
197.06000000000003,97.43,205.74,17
197.06000000000003,97.43,205.74,18
197.06000000000003,97.43,205.74,16
196.21333333333334,93.07333333333334,206.16333333333333,0
196.21333333333334,93.07333333333334,206.16333333333333,6
197.06000000000003,96.94333333333333,209.12833333333333,12
190.07666666666668,86.70666666666666,201.92999999999998,5
194.51999999999998,95.74000000000001,208.28,9
192.40333333333334,93.08999999999999,202.5633333333333,33
192.40333333333334,93.08999999999999,202.5633333333333,15
199.17999999999998,100.60666666666668,213.14999999999998,16
199.17999999999998,100.60666666666668,213.14999999999998,4
197.69666666666663,95.69333333333334,205.10333333333332,0
195.37,95.58666666666666,210.39666666666668,16
198.54,97.73333333333335,211.66666666666666,2
200.80666666666664,96.27999999999999,208.07000000000002,31
200.80666666666664,96.27999999999999,208.07000000000002,9
197.48333333333335,100.3,212.51333333333332,9
197.06000000000003,96.94333333333333,209.12833333333333,17
204.04999999999998,99.49000000000001,220.3466666666667,3
204.04999999999998,99.49000000000001,220.3466666666667,0
200.45000000000002,96.22000000000001,214.41666666666666,8
196.85,94.91666666666667,206.79666666666665,27
196.85,94.91666666666667,206.79666666666665,10
206.16333333333333,108.92333333333333,218.65,5
192.82666666666668,92.46999999999998,205.95333333333335,14
192.82666666666668,92.46999999999998,205.95333333333335,2
192.82666666666668,92.46999999999998,205.95333333333335,0
,,,22
,,,27
196.21333333333334,93.07333333333334,206.16333333333333,5
196.42999999999998,98.52333333333333,207.4366666666667,9
200.45000000000002,98.42999999999999,211.24333333333334,6
200.45000000000002,98.42999999999999,211.24333333333334,27
200.45000000000002,98.42999999999999,211.24333333333334,16
199.39000000000001,91.86666666666667,212.30333333333337,27
199.39000000000001,91.86666666666667,212.30333333333337,12
199.39000000000001,91.86666666666667,212.30333333333337,5
197.06000000000003,97.43,205.74,20
197.06000000000003,97.43,205.74,19
197.06000000000003,97.43,205.74,18
198.96666666666667,95.61333333333334,207.22,15
198.96666666666667,95.61333333333334,207.22,9
198.96666666666667,95.61333333333334,207.22,17
196.84666666666666,97.15666666666665,209.34,21
196.84666666666666,97.15666666666665,209.34,5
196.21666666666667,95.77,210.39333333333335,2
194.51999999999998,95.74000000000001,208.28,9
194.51999999999998,95.74000000000001,208.28,4
199.17999999999998,100.60666666666668,213.14999999999998,20
199.17999999999998,100.60666666666668,213.14999999999998,17
199.17999999999998,100.60666666666668,213.14999999999998,22
195.36666666666667,96.14666666666666,205.10333333333332,6
199.3875,95.245,210.185,0
199.3875,95.245,210.185,7
197.69666666666663,98.66666666666667,208.91666666666666,8
197.69666666666663,98.66666666666667,208.91666666666666,18
200.80666666666664,96.27999999999999,208.07000000000002,6
200.80666666666664,96.27999999999999,208.07000000000002,2
205.3166666666667,96.17999999999999,220.34666666666666,5
195.36666666666667,98.88333333333333,211.24,15
198.75333333333333,98.45333333333333,210.18500000000003,27
195.79333333333332,92.95333333333333,209.97333333333333,21
195.79333333333332,92.95333333333333,209.97333333333333,0
197.4433333333333,100.43333333333334,206.58666666666667,29
197.4433333333333,100.43333333333334,206.58666666666667,5
197.06000000000003,96.94333333333333,209.12833333333333,12
197.06000000000003,96.94333333333333,209.12833333333333,23
203.2033333333333,103.38999999999999,216.11333333333334,0
203.2033333333333,103.38999999999999,216.11333333333334,6
199.39000000000001,102.27333333333333,209.34,12
196.21333333333334,93.07333333333334,206.16333333333333,0
197.90666666666667,101.03000000000002,208.28,0
197.90666666666667,101.03000000000002,208.28,0
197.90666666666667,101.03000000000002,208.28,0
197.90666666666667,101.03000000000002,208.28,0
200.0233333333333,100.39,207.85666666666665,8
200.0233333333333,100.39,207.85666666666665,11
202.5666666666667,103.41666666666667,211.45666666666668,6
192.82666666666668,92.46999999999998,205.95333333333335,31
192.82666666666668,92.46999999999998,205.95333333333335,23
192.82666666666668,92.46999999999998,205.95333333333335,2
196.21666666666667,95.77,210.39333333333335,3
196.84666666666666,97.15666666666665,209.34,13
196.84666666666666,97.15666666666665,209.34,0
198.96666666666667,95.61333333333334,207.22,11
198.96666666666667,95.61333333333334,207.22,3
198.96666666666667,95.61333333333334,207.22,13
197.90666666666667,109.44333333333334,212.93666666666664,9
197.90666666666667,109.44333333333334,212.93666666666664,27
197.90666666666667,109.44333333333334,212.93666666666664,16
201.08666666666667,103.47666666666665,220.3466666666667,2
193.04,97.25,208.92,23
193.04,97.25,208.92,7
193.04,97.25,208.92,0
193.04,97.25,208.92,0
200.02666666666664,96.94666666666667,213.77999999999997,2
196.84666666666666,97.15666666666665,209.34,10
196.84666666666666,97.15666666666665,209.34,0
196.84666666666666,97.15666666666665,209.34,2
197.70000000000002,91.10666666666667,208.0666666666667,15
197.70000000000002,91.10666666666667,208.0666666666667,0
196.21666666666667,95.77,210.39333333333335,9
196.21666666666667,95.77,210.39333333333335,14
194.51999999999998,95.74000000000001,208.28,18
197.06000000000003,97.43,205.74,0
199.17999999999998,100.60666666666668,213.14999999999998,28
199.17999999999998,100.60666666666668,213.14999999999998,17
199.17999999999998,100.60666666666668,213.14999999999998,18
206.79999999999998,109.38999999999999,225.63666666666666,7
199.8166666666667,104.28000000000002,216.32333333333335,0
192.82666666666668,92.46999999999998,205.95333333333335,4
200.44666666666663,98.72666666666667,213.14833333333334,2
197.69666666666663,98.66666666666667,208.91666666666666,10
198.59500000000003,95.9025,206.375,2
198.59500000000003,95.9025,206.375,2
205.3166666666667,96.17999999999999,220.34666666666666,0
205.3166666666667,96.17999999999999,220.34666666666666,13
195.36666666666667,96.14666666666666,205.10333333333332,27
197.0075,102.1275,210.34499999999997,16
198.54,97.73333333333335,211.66666666666666,18
198.54,97.73333333333335,211.66666666666666,0
197.4433333333333,100.43333333333334,206.58666666666667,36
197.4433333333333,100.43333333333334,206.58666666666667,25
197.4433333333333,100.43333333333334,206.58666666666667,3
197.4433333333333,100.43333333333334,206.58666666666667,0
196.85,96.34333333333332,214.42,17
196.85,96.34333333333332,214.42,6
200.45000000000002,98.42999999999999,211.24333333333334,5
200.45000000000002,98.42999999999999,211.24333333333334,28
197.91,95.61666666666667,215.68666666666664,12
200.44666666666663,98.72666666666667,213.14833333333334,30
199.81333333333336,103.75,211.45333333333335,0
199.81333333333336,103.75,211.45333333333335,3
199.81333333333336,103.75,211.45333333333335,0
203.83499999999998,105.1625,210.3425,4
203.83499999999998,105.1625,210.3425,0
197.06000000000003,96.94333333333333,209.12833333333333,2
197.06000000000003,96.94333333333333,209.12833333333333,11
197.06000000000003,96.94333333333333,209.12833333333333,14
197.90666666666667,109.44333333333334,212.93666666666664,7
197.90666666666667,109.44333333333334,212.93666666666664,15
201.29333333333332,99.91000000000001,212.08666666666667,16
196.21333333333334,93.07333333333334,206.16333333333333,20
196.21333333333334,93.07333333333334,206.16333333333333,9
196.21333333333334,93.07333333333334,206.16333333333333,0
196.21333333333334,93.07333333333334,206.16333333333333,0
194.51999999999998,95.74000000000001,208.28,15
192.82666666666668,92.46999999999998,205.95333333333335,27
192.82666666666668,92.46999999999998,205.95333333333335,28
192.82666666666668,92.46999999999998,205.95333333333335,6
200.0233333333333,104.93333333333334,215.9,9
198.54,97.73333333333335,211.66666666666666,0
199.17999999999998,100.60666666666668,213.14999999999998,3
199.17999999999998,100.60666666666668,213.14999999999998,2
198.12,99.625,213.68,0
196.84666666666666,97.15666666666665,209.34,19
196.84666666666666,97.15666666666665,209.34,0
198.54,101.75666666666667,207.22333333333336,5
199.8166666666667,104.28000000000002,216.32333333333335,15
199.8166666666667,104.28000000000002,216.32333333333335,2
199.8166666666667,104.28000000000002,216.32333333333335,8
201.08666666666667,103.47666666666665,220.3466666666667,14
198.75666666666666,92.62,212.29999999999998,22
198.75666666666666,92.62,212.29999999999998,5
202.77666666666664,93.22333333333334,216.32666666666668,19
200.66333333333333,100.33666666666666,211.03333333333333,6
200.66333333333333,100.33666666666666,211.03333333333333,4
199.6,101.43666666666667,209.76,10
199.6,101.43666666666667,209.76,12
197.0075,102.1275,210.34499999999997,6
197.0075,102.1275,210.34499999999997,5
200.80666666666664,96.27999999999999,208.07000000000002,27
200.80666666666664,96.27999999999999,208.07000000000002,7
200.45000000000002,98.42999999999999,211.24333333333334,19
202.35666666666665,103.87333333333333,217.8066666666667,12
197.4433333333333,100.43333333333334,206.58666666666667,25
197.4433333333333,100.43333333333334,206.58666666666667,9
197.91,95.61666666666667,215.68666666666664,4
197.91,95.61666666666667,215.68666666666664,40
196.85,96.34333333333332,214.42,22
200.44666666666663,98.72666666666667,213.14833333333334,0
199.81333333333336,103.75,211.45333333333335,17
199.39000000000001,105.28666666666668,212.30333333333337,4
199.075,101.88,210.505,7
199.075,101.88,210.505,7
199.075,101.88,210.505,3
199.6,98.61,209.76,0
199.6,98.61,209.76,2
202.35333333333332,102.59666666666665,211.66833333333332,17
202.35333333333332,102.59666666666665,211.66833333333332,7
202.35333333333332,102.59666666666665,211.66833333333332,0
192.82666666666668,92.46999999999998,205.95333333333335,11
192.82666666666668,92.46999999999998,205.95333333333335,19
192.82666666666668,92.46999999999998,205.95333333333335,21
201.92999999999998,101.75666666666666,209.54999999999998,6
198.96666666666667,95.61333333333334,207.22,2
203.83499999999998,105.1625,210.3425,5
203.83499999999998,105.1625,210.3425,10
195.79,92.92333333333333,202.14333333333332,5
194.945,96.345,206.69,2
199.8166666666667,104.28000000000002,216.32333333333335,9
196.85,94.91666666666667,206.79666666666665,14
196.85,94.91666666666667,206.79666666666665,4
197.4433333333333,100.43333333333334,206.58666666666667,10
197.4433333333333,100.43333333333334,206.58666666666667,2
201.08666666666667,103.47666666666665,220.3466666666667,11
201.08666666666667,103.47666666666665,220.3466666666667,7
197.69666666666663,95.69333333333334,205.10333333333332,30
197.69666666666663,95.69333333333334,205.10333333333332,9
199.17999999999998,100.60666666666668,213.14999999999998,25
199.17999999999998,100.60666666666668,213.14999999999998,16
202.35666666666665,103.87333333333333,217.8066666666667,0
195.36666666666667,92.58999999999999,204.47000000000003,11
203.2,102.0,218.44,2
199.6,101.43666666666667,209.76,30
200.80666666666664,96.27999999999999,208.07000000000002,10
200.80666666666664,96.27999999999999,208.07000000000002,2
198.54333333333332,99.75999999999999,204.89333333333335,10
199.8166666666667,104.28000000000002,216.32333333333335,14
200.02666666666664,96.64666666666666,212.7266666666667,9
202.77666666666664,93.22333333333334,216.32666666666668,22
202.77666666666664,93.22333333333334,216.32666666666668,7
196.84666666666666,96.91666666666667,208.0666666666667,5
196.84666666666666,96.91666666666667,208.0666666666667,7
196.21666666666667,93.38,213.78333333333333,32
196.21666666666667,93.38,213.78333333333333,9
200.45000000000002,98.42999999999999,211.24333333333334,20
192.82666666666668,92.46999999999998,205.95333333333335,16
199.17999999999998,100.60666666666668,213.14999999999998,3
199.17999999999998,100.60666666666668,213.14999999999998,3
199.17999999999998,100.60666666666668,213.14999999999998,0
197.06000000000003,96.94333333333333,209.12833333333333,0
199.80999999999997,98.16000000000001,211.03333333333333,28
199.80999999999997,98.16000000000001,211.03333333333333,7
199.80999999999997,98.16000000000001,211.03333333333333,14
199.17666666666665,97.65666666666668,214.20666666666668,3
200.66000000000003,100.97,209.075,0
203.83499999999998,105.1625,210.3425,14
203.83499999999998,105.1625,210.3425,0
200.80666666666664,96.27999999999999,208.07000000000002,28
200.80666666666664,96.27999999999999,208.07000000000002,6
194.73333333333335,96.00999999999999,210.82000000000002,19
200.44666666666663,98.72666666666667,213.14833333333334,7
200.44666666666663,98.72666666666667,213.14833333333334,18
200.44666666666663,98.72666666666667,213.14833333333334,0
200.45000000000002,98.42999999999999,211.24333333333334,22
196.21666666666667,95.77,210.39333333333335,12
196.21666666666667,95.77,210.39333333333335,12
196.21666666666667,95.77,210.39333333333335,3
201.08666666666667,103.47666666666665,220.3466666666667,33
201.08666666666667,103.47666666666665,220.3466666666667,0
,,,19
,,,11
196.84666666666666,102.66000000000001,207.85333333333332,2
196.84666666666666,102.66000000000001,207.85333333333332,14
196.85,94.91666666666667,206.79666666666665,9
196.85,94.91666666666667,206.79666666666665,0
198.75333333333333,94.81666666666668,210.1833333333333,14
200.80666666666664,96.27999999999999,208.07000000000002,10
199.8166666666667,104.28000000000002,216.32333333333335,12
200.44666666666663,98.72666666666667,213.14833333333334,17
200.44666666666663,98.72666666666667,213.14833333333334,0
196.21666666666667,93.38,213.78333333333333,11
202.77666666666664,93.22333333333334,216.32666666666668,10
202.77666666666664,93.22333333333334,216.32666666666668,40
202.35666666666665,103.87333333333333,217.8066666666667,11
202.35666666666665,103.87333333333333,217.8066666666667,5
199.17999999999998,100.60666666666668,213.14999999999998,3
200.66000000000003,100.97,209.075,32
200.66000000000003,100.97,209.075,19
195.36666666666667,96.14666666666666,205.10333333333332,12
195.36666666666667,96.14666666666666,205.10333333333332,0
195.36666666666667,96.14666666666666,205.10333333333332,2
193.04,97.25,208.92,8
203.84,85.46,208.92,3
199.39000000000001,105.28666666666668,212.30333333333337,2
196.21333333333334,93.07333333333334,206.16333333333333,6
196.21333333333334,93.07333333333334,206.16333333333333,14
196.21333333333334,93.07333333333334,206.16333333333333,6
198.96666666666667,95.61333333333334,207.22,2
198.96666666666667,95.61333333333334,207.22,10
197.69666666666663,95.69333333333334,205.10333333333332,8
197.69666666666663,95.69333333333334,205.10333333333332,22
197.69666666666663,95.69333333333334,205.10333333333332,4
196.84666666666666,96.91666666666667,208.0666666666667,3
196.84666666666666,96.91666666666667,208.0666666666667,4
199.81333333333336,103.75,211.45333333333335,21
199.81333333333336,103.75,211.45333333333335,13
197.4433333333333,100.43333333333334,206.58666666666667,20
197.4433333333333,100.43333333333334,206.58666666666667,0
197.4433333333333,100.43333333333334,206.58666666666667,0
199.6,98.61,209.76,13
196.0,94.61666666666667,206.58666666666667,10
196.0,94.61666666666667,206.58666666666667,2
197.4433333333333,100.43333333333334,206.58666666666667,24
197.4433333333333,100.43333333333334,206.58666666666667,2
199.6,98.61,209.76,21
198.75333333333333,94.81666666666668,210.1833333333333,13
200.44666666666663,98.72666666666667,213.14833333333334,5
200.44666666666663,98.72666666666667,213.14833333333334,2
202.35666666666665,103.87333333333333,217.8066666666667,2
199.81333333333336,103.75,211.45333333333335,17
199.81333333333336,103.75,211.45333333333335,16
195.79,92.92333333333333,202.14333333333332,27
194.945,96.345,206.69,31
194.945,96.345,206.69,1
195.36666666666667,96.14666666666666,205.10333333333332,16
195.36666666666667,96.14666666666666,205.10333333333332,0
196.84666666666666,96.91666666666667,208.0666666666667,8
196.84666666666666,96.91666666666667,208.0666666666667,21
197.48666666666668,92.62333333333333,204.89,25
196.21666666666667,93.38,213.78333333333333,9
200.80666666666664,96.27999999999999,208.07000000000002,13
202.77666666666664,93.22333333333334,216.32666666666668,7
202.77666666666664,93.22333333333334,216.32666666666668,7
199.8166666666667,104.28000000000002,216.32333333333335,6
198.59749999999997,96.905,209.39125,0
202.35333333333332,98.75666666666666,210.82000000000002,16
202.35333333333332,98.75666666666666,210.82000000000002,0
202.35333333333332,98.75666666666666,210.82000000000002,4
197.6966666666667,97.00666666666666,210.4,2
195.58,90.84000000000002,209.97333333333333,0
203.83499999999998,105.1625,210.3425,17
203.83499999999998,105.1625,210.3425,15
197.90666666666667,109.44333333333334,212.93666666666664,2
199.075,101.88,210.505,4
199.075,101.88,210.505,2
199.075,101.88,210.505,10
196.53,93.16499999999999,210.82,11
195.36666666666667,96.14666666666666,205.10333333333332,0
202.77666666666664,93.22333333333334,216.32666666666668,14
197.4433333333333,100.43333333333334,206.58666666666667,3
200.45000000000002,98.42999999999999,211.24333333333334,26
200.45000000000002,98.42999999999999,211.24333333333334,20
200.45000000000002,98.42999999999999,211.24333333333334,6
200.45000000000002,98.42999999999999,211.24333333333334,3
201.08666666666667,103.47666666666665,220.3466666666667,14
201.08666666666667,103.47666666666665,220.3466666666667,13
201.08666666666667,103.47666666666665,220.3466666666667,0
196.85000000000002,102.345,206.2175,27
196.85000000000002,102.345,206.2175,0
196.85000000000002,102.345,206.2175,2
196.85000000000002,102.345,206.2175,0
199.6,98.61,209.76,21
206.6925,107.6875,213.6775,22
206.6925,107.6875,213.6775,2
196.21666666666667,95.77,210.39333333333335,3
196.21666666666667,95.77,210.39333333333335,0
196.21666666666667,95.77,210.39333333333335,3
197.90666666666667,94.25333333333333,212.3033333333333,27
197.90666666666667,94.25333333333333,212.3033333333333,7
194.73333333333335,96.00999999999999,210.82000000000002,2
194.73333333333335,96.00999999999999,210.82000000000002,12
201.61,105.095,210.82,9
196.84666666666666,97.15666666666665,209.34,5
197.6966666666667,97.00666666666666,210.4,0
194.09666666666666,95.93,206.79666666666665,8
202.35333333333332,98.75666666666666,210.82000000000002,6
202.35333333333332,98.75666666666666,210.82000000000002,9
202.35333333333332,98.75666666666666,210.82000000000002,6
197.06000000000003,93.16666666666667,205.74,7
199.075,101.88,210.505,20
199.075,101.88,210.505,12
200.44666666666663,98.72666666666667,213.14833333333334,17
200.44666666666663,98.72666666666667,213.14833333333334,11
198.33,101.87666666666667,203.20333333333335,10
197.48333333333332,99.39666666666666,214.84,2
197.48333333333332,99.39666666666666,214.84,8
198.59749999999997,96.905,209.39125,29
202.35666666666665,103.87333333333333,217.8066666666667,20
202.35666666666665,103.87333333333333,217.8066666666667,17
197.70000000000002,91.10666666666667,208.0666666666667,3
197.70000000000002,91.10666666666667,208.0666666666667,17
196.84666666666666,96.91666666666667,208.0666666666667,0
199.075,101.88,210.505,23
197.48333333333332,99.39666666666666,214.84,7
197.48333333333332,99.39666666666666,214.84,18
202.56749999999997,101.145,211.29625,27
195.79333333333332,92.95333333333333,209.97333333333333,11
195.79333333333332,92.95333333333333,209.97333333333333,20
197.70000000000002,91.10666666666667,208.0666666666667,21
197.06000000000003,93.16666666666667,205.74,5
200.23666666666668,88.68666666666667,216.53666666666666,14
200.23666666666668,88.68666666666667,216.53666666666666,10
194.51999999999998,95.74000000000001,208.28,13
194.51999999999998,95.74000000000001,208.28,0
198.54333333333332,99.75999999999999,204.89333333333335,12
198.54333333333332,99.75999999999999,204.89333333333335,30
198.54333333333332,99.75999999999999,204.89333333333335,13
201.08666666666667,103.47666666666665,220.3466666666667,9
202.56,95.07,214.0,2
200.45000000000002,98.42999999999999,211.24333333333334,4
196.85,94.91666666666667,206.79666666666665,26
196.85,94.91666666666667,206.79666666666665,15
197.90666666666667,94.25333333333333,212.3033333333333,22
197.90666666666667,94.25333333333333,212.3033333333333,7
199.075,97.84,214.31,10
206.6925,107.6875,213.6775,19
197.4433333333333,100.43333333333334,206.58666666666667,2
202.35333333333332,98.75666666666666,210.82000000000002,8
202.35333333333332,98.75666666666666,210.82000000000002,6
202.35333333333332,98.75666666666666,210.82000000000002,9
196.84666666666666,97.15666666666665,209.34,22
196.84666666666666,97.15666666666665,209.34,2
196.84666666666666,97.15666666666665,209.34,6
202.78,97.30999999999999,218.65333333333334,3
203.515,105.255,218.44,0
195.58,90.84000000000002,209.97333333333333,15
195.58,90.84000000000002,209.97333333333333,0
199.075,97.84,214.31,0
199.8166666666667,104.28000000000002,216.32333333333335,9
199.8166666666667,104.28000000000002,216.32333333333335,26
202.35666666666665,103.87333333333333,217.8066666666667,4
193.04,89.76333333333334,204.47,16
195.79333333333332,92.95333333333333,209.97333333333333,0
203.83499999999998,105.1625,210.3425,31
197.90666666666667,109.44333333333334,212.93666666666664,15
197.90666666666667,109.44333333333334,212.93666666666664,34
202.35666666666665,103.87333333333333,217.8066666666667,13
202.35666666666665,103.87333333333333,217.8066666666667,6
200.23666666666668,88.68666666666667,216.53666666666666,8
196.85,94.91666666666667,206.79666666666665,2
198.59749999999997,96.905,209.39125,11
198.59749999999997,96.905,209.39125,2
199.81333333333336,103.75,211.45333333333335,0
199.81333333333336,103.75,211.45333333333335,0
199.81333333333336,103.75,211.45333333333335,0
202.56,95.07,214.0,38
202.56,95.07,214.0,15
197.48666666666668,97.58333333333333,205.74333333333334,11
200.80666666666664,96.27999999999999,208.07000000000002,0
197.69666666666663,103.21999999999998,210.1866666666667,2
199.8166666666667,104.28000000000002,216.32333333333335,17
194.51999999999998,95.74000000000001,208.28,19
194.51999999999998,95.74000000000001,208.28,20
194.51999999999998,95.74000000000001,208.28,0
196.84666666666666,92.16666666666667,211.24333333333334,2
196.84666666666666,97.15666666666665,209.34,3
196.84666666666666,97.15666666666665,209.34,9
197.6966666666667,97.00666666666666,210.4,21
197.6966666666667,97.00666666666666,210.4,0
198.75333333333333,94.81666666666668,210.1833333333333,26
198.75333333333333,94.81666666666668,210.1833333333333,15
197.70000000000002,91.10666666666667,208.0666666666667,8
197.70000000000002,91.10666666666667,208.0666666666667,2
195.37,93.64999999999999,206.37666666666667,15
198.54,97.73333333333335,211.66666666666666,15
198.54,97.73333333333335,211.66666666666666,3
198.33,101.87666666666667,203.20333333333335,24
198.33,101.87666666666667,203.20333333333335,23
198.33,101.87666666666667,203.20333333333335,0
197.48666666666668,97.58333333333333,205.74333333333334,12
197.48666666666668,97.58333333333333,205.74333333333334,3
198.59749999999997,96.905,209.39125,0
195.15666666666667,95.67999999999999,206.37333333333333,7
195.58,90.84000000000002,209.97333333333333,20
195.58,90.84000000000002,209.97333333333333,0
197.90666666666667,109.44333333333334,212.93666666666664,3
197.90666666666667,109.44333333333334,212.93666666666664,8
196.85,94.91666666666667,206.79666666666665,14
196.85,94.91666666666667,206.79666666666665,6
202.77666666666664,93.22333333333334,216.32666666666668,6
199.81333333333336,103.75,211.45333333333335,2
203.83499999999998,105.1625,210.3425,19
200.80666666666664,96.27999999999999,208.07000000000002,27
195.57999999999998,88.7225,207.48749999999998,3
195.37,93.64999999999999,206.37666666666667,30
195.37,93.64999999999999,206.37666666666667,33
202.35333333333332,98.75666666666666,210.82000000000002,10
202.35666666666665,103.87333333333333,217.8066666666667,15
202.35666666666665,103.87333333333333,217.8066666666667,16
199.81333333333336,96.97666666666667,204.04999999999998,12
199.81333333333336,96.97666666666667,204.04999999999998,0
197.69666666666663,103.21999999999998,210.1866666666667,0
195.58,90.84000000000002,209.97333333333333,11
203.13333333333333,103.41666666666667,213.14999999999998,11
203.13333333333333,103.41666666666667,213.14999999999998,0
203.83499999999998,105.1625,210.3425,17
199.8166666666667,104.28000000000002,216.32333333333335,16
199.8166666666667,104.28000000000002,216.32333333333335,2
197.90666666666667,109.44333333333334,212.93666666666664,1
198.54333333333332,97.94666666666666,207.64333333333332,10
197.05999999999997,93.77,210.61,9
197.05999999999997,93.77,210.61,0
198.755,98.9925,206.85000000000002,8
198.755,98.9925,206.85000000000002,11
197.48666666666668,94.31666666666666,210.1866666666667,19
197.48666666666668,94.31666666666666,210.1866666666667,7
197.48666666666668,94.31666666666666,210.1866666666667,0
197.48666666666668,94.31666666666666,210.1866666666667,0
206.16333333333333,108.92333333333333,218.65,0
194.51999999999998,95.74000000000001,208.28,16
194.51999999999998,95.74000000000001,208.28,12
197.48666666666668,97.58333333333333,205.74333333333334,14
197.48666666666668,97.58333333333333,205.74333333333334,20
200.83333333333334,100.69,216.74666666666667,18
201.61249999999998,99.875,212.56625,12
201.61249999999998,99.875,212.56625,0
199.6,98.61,209.76,0
200.44666666666663,98.72666666666667,213.14833333333334,19
200.44666666666663,98.72666666666667,213.14833333333334,0
197.69666666666663,95.69333333333334,205.10333333333332,16
202.35666666666665,103.87333333333333,217.8066666666667,15
197.48666666666668,97.58333333333333,205.74333333333334,32
197.48666666666668,97.58333333333333,205.74333333333334,10
200.44666666666663,98.72666666666667,213.14833333333334,5
196.84666666666666,97.15666666666665,209.34,11
195.37,93.64999999999999,206.37666666666667,10
195.37,93.64999999999999,206.37666666666667,3
198.75333333333333,94.81666666666668,210.1833333333333,3
198.75333333333333,94.81666666666668,210.1833333333333,5
206.6925,107.6875,213.6775,4
197.2733333333333,97.73,209.33666666666667,18
197.2733333333333,97.73,209.33666666666667,7
197.90666666666667,109.44333333333334,212.93666666666664,24
197.90666666666667,109.44333333333334,212.93666666666664,19
197.90666666666667,109.44333333333334,212.93666666666664,2
198.54,97.73333333333335,211.66666666666666,9
198.54,97.73333333333335,211.66666666666666,9
198.54,97.73333333333335,211.66666666666666,3
196.0,94.82666666666667,206.58666666666667,2
199.8166666666667,104.28000000000002,216.32333333333335,11
199.8166666666667,104.28000000000002,216.32333333333335,4
194.51999999999998,95.74000000000001,208.28,9
194.51999999999998,95.74000000000001,208.28,13
194.945,96.345,206.69,11
197.69666666666663,103.21999999999998,210.1866666666667,5
196.85,94.91666666666667,206.79666666666665,0
202.77666666666664,93.22333333333334,216.32666666666668,9
197.48666666666668,94.31666666666666,210.1866666666667,3
197.48666666666668,94.31666666666666,210.1866666666667,3
197.90666666666667,97.66666666666667,211.67,7
197.90666666666667,97.66666666666667,211.67,2
196.37500000000003,96.43,210.505,13
196.37500000000003,96.43,210.505,4
203.13333333333333,103.41666666666667,213.14999999999998,14
203.13333333333333,103.41666666666667,213.14999999999998,20
203.13333333333333,103.41666666666667,213.14999999999998,2
200.83333333333334,100.69,216.74666666666667,16
195.58,90.84000000000002,209.97333333333333,28
195.58,90.84000000000002,209.97333333333333,9
200.45000000000002,98.42999999999999,211.24333333333334,9
197.69666666666663,103.21999999999998,210.1866666666667,27
197.69666666666663,103.21999999999998,210.1866666666667,8
197.05999999999997,93.77,210.61,10
197.05999999999997,93.77,210.61,1
199.6,98.61,209.76,16
199.6,98.61,209.76,12
197.6966666666667,97.00666666666666,210.4,5
201.61,105.095,210.82,0
199.81333333333336,103.75,211.45333333333335,0
197.69666666666663,95.69333333333334,205.10333333333332,11
196.84666666666666,97.15666666666665,209.34,15
202.35666666666665,103.87333333333333,217.8066666666667,22
202.35666666666665,103.87333333333333,217.8066666666667,15
198.54,97.73333333333335,211.66666666666666,25
198.54,97.73333333333335,211.66666666666666,13
200.44666666666663,98.72666666666667,213.14833333333334,37
200.44666666666663,98.72666666666667,213.14833333333334,6
200.44666666666663,98.72666666666667,213.14833333333334,3
200.44666666666663,98.72666666666667,213.14833333333334,0
200.83333333333334,100.69,216.74666666666667,13
195.79333333333332,92.95333333333333,209.97333333333333,9
199.075,87.225,202.57,23
198.54333333333332,97.94666666666666,207.64333333333332,4
195.15666666666667,95.22666666666667,211.03333333333333,2
202.56,95.07,214.0,3
200.80666666666664,96.27999999999999,208.07000000000002,11
200.80666666666664,96.27999999999999,208.07000000000002,9
200.80666666666664,96.27999999999999,208.07000000000002,11
199.39000000000001,91.86666666666667,212.30333333333337,10
196.85,94.91666666666667,206.79666666666665,27
196.21666666666667,93.38,213.78333333333333,9
198.54,97.73333333333335,211.66666666666666,30
195.79333333333332,92.95333333333333,209.97333333333333,17
195.79333333333332,92.95333333333333,209.97333333333333,25
195.79333333333332,92.95333333333333,209.97333333333333,5
199.17999999999998,100.60666666666668,213.14999999999998,24
199.17999999999998,100.60666666666668,213.14999999999998,4
200.45000000000002,98.42999999999999,211.24333333333334,2
200.23666666666668,88.68666666666667,216.53666666666666,22
200.23666666666668,88.68666666666667,216.53666666666666,11
199.81333333333336,96.97666666666667,204.04999999999998,5
199.81333333333336,96.97666666666667,204.04999999999998,11
197.05999999999997,93.77,210.61,14
197.05999999999997,93.77,210.61,6
196.37500000000003,96.43,210.505,23
196.37500000000003,96.43,210.505,7
196.37500000000003,96.43,210.505,6
196.37500000000003,96.43,210.505,0
202.35666666666665,103.87333333333333,217.8066666666667,23
202.35666666666665,103.87333333333333,217.8066666666667,10
202.35666666666665,103.87333333333333,217.8066666666667,26
199.7733333333333,98.36,213.99666666666667,22
199.7733333333333,98.36,213.99666666666667,11
198.54333333333332,97.94666666666666,207.64333333333332,14
197.69666666666663,103.21999999999998,210.1866666666667,21
197.69666666666663,103.21999999999998,210.1866666666667,4
196.21666666666667,93.38,213.78333333333333,23
196.84666666666666,97.15666666666665,209.34,0
200.80666666666664,96.27999999999999,208.07000000000002,3
206.6925,107.6875,213.6775,11
199.8166666666667,104.28000000000002,216.32333333333335,3
199.81333333333336,96.97666666666667,204.04999999999998,7
202.77666666666664,93.22333333333334,216.32666666666668,15
202.77666666666664,93.22333333333334,216.32666666666668,21
196.37500000000003,96.43,210.505,3
197.69666666666663,95.69333333333334,205.10333333333332,0
200.44666666666663,98.72666666666667,213.14833333333334,12
200.44666666666663,98.72666666666667,213.14833333333334,16
200.44666666666663,98.72666666666667,213.14833333333334,12
199.39000000000001,105.28666666666668,212.30333333333337,12
199.17999999999998,100.60666666666668,213.14999999999998,16
199.17999999999998,100.60666666666668,213.14999999999998,9
198.54,97.73333333333335,211.66666666666666,24
198.54,97.73333333333335,211.66666666666666,12
198.54,97.73333333333335,211.66666666666666,8
198.54,97.73333333333335,211.66666666666666,2
198.71333333333334,98.18,213.57000000000002,29
198.71333333333334,98.18,213.57000000000002,29
202.56,95.07,214.0,32
196.84666666666666,97.15666666666665,209.34,2
196.84666666666666,97.15666666666665,209.34,14
201.61249999999998,99.875,212.56625,6
197.70000000000002,91.10666666666667,208.0666666666667,6
200.80666666666664,96.27999999999999,208.07000000000002,24
200.80666666666664,96.27999999999999,208.07000000000002,15
199.81333333333336,103.75,211.45333333333335,17
199.8166666666667,104.28000000000002,216.32333333333335,6
192.82666666666668,92.46999999999998,205.95333333333335,11
192.82666666666668,92.46999999999998,205.95333333333335,15
202.5666666666667,103.41666666666667,211.45666666666668,9
198.54333333333332,97.94666666666666,207.64333333333332,10
202.77666666666664,93.22333333333334,216.32666666666668,9
202.77666666666664,93.22333333333334,216.32666666666668,3
196.21666666666667,93.38,213.78333333333333,2
196.21666666666667,93.38,213.78333333333333,9
196.21666666666667,93.38,213.78333333333333,4
202.35666666666665,103.87333333333333,217.8066666666667,18
202.35666666666665,103.87333333333333,217.8066666666667,3
195.79333333333332,92.95333333333333,209.97333333333333,10
195.79333333333332,92.95333333333333,209.97333333333333,11
195.79333333333332,92.95333333333333,209.97333333333333,3
194.51999999999998,95.74000000000001,208.28,0
199.6,98.61,209.76,15
199.6,98.61,209.76,5
198.54333333333332,99.75999999999999,204.89333333333335,5
198.54333333333332,99.75999999999999,204.89333333333335,0
198.54333333333332,99.75999999999999,204.89333333333335,2
198.54333333333332,99.75999999999999,204.89333333333335,6
196.37500000000003,96.43,210.505,4
196.37500000000003,96.43,210.505,0
196.37500000000003,96.43,210.505,19
196.37500000000003,96.43,210.505,15
199.7733333333333,98.36,213.99666666666667,5
194.945,96.345,206.69,4
199.32333333333335,97.06666666666666,208.49333333333334,37
197.90666666666667,97.66666666666667,211.67,0
202.72,102.2575,217.9675,0
197.48666666666668,94.31666666666666,210.1866666666667,2
197.48666666666668,94.31666666666666,210.1866666666667,2
196.84666666666666,97.15666666666665,209.34,3
196.84666666666666,97.15666666666665,209.34,6
196.0,94.82666666666667,206.58666666666667,3
202.56333333333336,106.44333333333333,210.82333333333335,16
202.56333333333336,106.44333333333333,210.82333333333335,14
206.6925,107.6875,213.6775,4
206.6925,107.6875,213.6775,19
206.6925,107.6875,213.6775,11
199.17999999999998,100.60666666666668,213.14999999999998,24
197.48666666666668,97.58333333333333,205.74333333333334,22
197.48666666666668,97.58333333333333,205.74333333333334,37
197.48666666666668,97.58333333333333,205.74333333333334,0
197.48666666666668,97.58333333333333,205.74333333333334,2
198.54,97.73333333333335,211.66666666666666,13
199.8166666666667,104.28000000000002,216.32333333333335,13
199.8166666666667,104.28000000000002,216.32333333333335,3
196.21666666666667,93.38,213.78333333333333,2
196.21666666666667,93.38,213.78333333333333,4
201.61249999999998,99.875,212.56625,1
201.61249999999998,99.875,212.56625,14
200.45000000000002,94.40333333333335,213.57333333333335,9
200.45000000000002,94.40333333333335,213.57333333333335,14
197.69666666666663,95.69333333333334,205.10333333333332,8
197.69666666666663,95.69333333333334,205.10333333333332,6
197.69666666666663,95.69333333333334,205.10333333333332,6
199.39000000000001,105.28666666666668,212.30333333333337,8
196.37500000000003,96.43,210.505,12
198.54333333333332,97.94666666666666,207.64333333333332,15
198.54333333333332,97.94666666666666,207.64333333333332,13
199.17999999999998,100.60666666666668,213.14999999999998,6
205.3166666666667,96.17999999999999,220.34666666666666,5
206.6925,107.6875,213.6775,0
206.6925,107.6875,213.6775,3
196.21333333333337,103.45,205.10666666666668,18
197.69666666666663,103.21999999999998,210.1866666666667,10
199.6,98.61,209.76,28
197.6933333333333,95.52666666666666,208.28,24
197.6933333333333,95.52666666666666,208.28,10
197.6933333333333,95.52666666666666,208.28,0
197.90666666666667,97.66666666666667,211.67,29
197.90666666666667,97.66666666666667,211.67,8
197.90666666666667,97.66666666666667,211.67,11
200.45000000000002,98.42999999999999,211.24333333333334,0
200.45000000000002,98.42999999999999,211.24333333333334,1
199.81333333333336,103.75,211.45333333333335,22
199.81333333333336,103.75,211.45333333333335,9
195.36666666666667,92.58999999999999,204.47000000000003,6
195.36666666666667,92.58999999999999,204.47000000000003,0
203.1966666666667,101.83333333333333,218.65,3
196.85,95.49666666666667,210.4,0
199.81333333333336,96.97666666666667,204.04999999999998,20
196.3725,94.30250000000001,211.14,15
196.3725,94.30250000000001,211.14,5
196.3725,94.30250000000001,211.14,2
198.54333333333332,95.91666666666667,208.91333333333333,14
200.80666666666664,96.27999999999999,208.07000000000002,0
199.8166666666667,104.28000000000002,216.32333333333335,26
199.8166666666667,104.28000000000002,216.32333333333335,16
198.54,97.73333333333335,211.66666666666666,10
196.42666666666665,93.34999999999998,210.39666666666668,21
195.79333333333332,92.95333333333333,209.97333333333333,11
202.35666666666665,103.87333333333333,217.8066666666667,5
202.35666666666665,103.87333333333333,217.8066666666667,5
205.3166666666667,96.17999999999999,220.34666666666666,3
205.3166666666667,96.17999999999999,220.34666666666666,25
209.34,108.13666666666667,214.42,7
196.37500000000003,96.43,210.505,0
196.37500000000003,96.43,210.505,8
196.85,94.91666666666667,206.79666666666665,31
196.85,94.91666666666667,206.79666666666665,5
196.85,94.91666666666667,206.79666666666665,9
199.81333333333336,96.34333333333332,202.35666666666665,5
197.48666666666668,97.58333333333333,205.74333333333334,20
197.6933333333333,95.52666666666666,208.28,4
202.56,95.07,214.0,15
202.56,95.07,214.0,6
204.44,100.58,214.315,3
201.61,105.095,210.82,24
201.61,105.095,210.82,10
201.61,105.095,210.82,0
201.61,105.095,210.82,5
197.69666666666663,103.21999999999998,210.1866666666667,15
197.69666666666663,103.21999999999998,210.1866666666667,6
203.83333333333334,103.75666666666666,212.3033333333333,17
195.36666666666667,98.82333333333332,205.3133333333333,10
195.36666666666667,98.82333333333332,205.3133333333333,14
195.36666666666667,98.82333333333332,205.3133333333333,0
199.39,101.06,210.82,1
199.39,101.06,210.82,14
196.42666666666665,94.67666666666668,205.53,10
196.0,94.61666666666667,206.58666666666667,21
196.0,94.61666666666667,206.58666666666667,8
196.0,94.61666666666667,206.58666666666667,9
199.39,101.06,210.82,5
197.69666666666663,95.69333333333334,205.10333333333332,24
195.79333333333332,92.95333333333333,209.97333333333333,8
200.80666666666664,96.27999999999999,208.07000000000002,27
198.54,97.73333333333335,211.66666666666666,3
198.54,97.73333333333335,211.66666666666666,0
202.77666666666664,93.22333333333334,216.32666666666668,38
202.77666666666664,93.22333333333334,216.32666666666668,16
196.00333333333333,92.38333333333333,212.29999999999998,7
200.66,99.06333333333333,213.36,30
190.07666666666668,87.17666666666668,199.81333333333336,9
190.07666666666668,87.17666666666668,199.81333333333336,25
198.12,103.65333333333335,211.03333333333333,19
196.3725,94.30250000000001,211.14,9
196.3725,94.30250000000001,211.14,18
196.3725,94.30250000000001,211.14,8
203.64499999999998,100.44500000000001,213.995,16
203.64499999999998,100.44500000000001,213.995,10
203.64499999999998,100.44500000000001,213.995,10
199.81333333333336,96.34333333333332,202.35666666666665,26
199.81333333333336,96.34333333333332,202.35666666666665,20
199.81333333333336,96.34333333333332,202.35666666666665,5
199.81333333333336,96.34333333333332,202.35666666666665,0
197.69666666666663,103.21999999999998,210.1866666666667,0
197.69666666666663,103.21999999999998,210.1866666666667,9
195.36666666666667,95.73333333333335,201.50666666666666,15
202.56,95.07,214.0,6
202.56,95.07,214.0,3
199.81333333333336,103.75,211.45333333333335,9
199.81333333333336,103.75,211.45333333333335,2
199.0725,99.355,208.91625,7
199.0725,99.355,208.91625,0
199.0725,99.355,208.91625,0
196.53,93.16499999999999,210.82,4
195.15666666666667,95.22666666666667,211.03333333333333,2
195.15666666666667,95.22666666666667,211.03333333333333,6
195.15666666666667,95.22666666666667,211.03333333333333,15
195.15666666666667,95.22666666666667,211.03333333333333,0
195.15666666666667,95.22666666666667,211.03333333333333,0
199.8166666666667,104.28000000000002,216.32333333333335,2
200.66333333333333,90.56666666666666,205.74333333333334,4
197.6966666666667,97.00666666666666,210.4,2
199.17999999999998,100.60666666666668,213.14999999999998,17
199.17999999999998,100.60666666666668,213.14999999999998,31
199.17999999999998,100.60666666666668,213.14999999999998,6
197.69666666666663,103.21999999999998,210.1866666666667,15
197.69666666666663,103.21999999999998,210.1866666666667,10
197.69666666666663,103.21999999999998,210.1866666666667,0
199.39000000000001,91.98666666666668,210.82000000000002,19
196.37500000000003,96.43,210.505,9
